status_id,status_message,link_name,status_type,status_link,permalink_url,status_published,num_reactions,num_comments,num_shares,num_likes,num_loves,num_wows,num_hahas,num_sads,num_angrys
186848211735810_423029991450963,When you get up late for the first hour üòÇüòÇ !!!,,photo,https://www.facebook.com/ifyouareinnitk/photos/a.341928856227744.1073741829.186848211735810/423029974784298/?type=3,https://www.facebook.com/ifyouareinnitk/posts/423029991450963,2018-02-21 23:29:07,140,29,3,81,12,0,46,1,0
186848211735810_417384042015558,When rest is priority üòÇ !,,photo,https://www.facebook.com/ifyouareinnitk/photos/a.186851201735511.1073741825.186848211735810/417383672015595/?type=3,https://www.facebook.com/ifyouareinnitk/posts/417384042015558,2018-02-07 12:56:00,102,3,6,61,6,0,35,0,0
186848211735810_408593099561319,üòÇüòÇüòÇ,Timeline Photos,photo,https://www.facebook.com/ifyouareinnitk/photos/a.186851201735511.1073741825.186848211735810/408593099561319/?type=3,https://www.facebook.com/ifyouareinnitk/posts/408593099561319:0,2018-01-16 10:48:19,59,2,1,23,1,0,35,0,0
186848211735810_408577899562839,Late Realisation !!! (Touch to see the full image),Timeline Photos,photo,https://www.facebook.com/ifyouareinnitk/photos/a.186851201735511.1073741825.186848211735810/408577899562839/?type=3,https://www.facebook.com/ifyouareinnitk/posts/408577899562839:0,2018-01-16 10:01:54,68,9,1,31,0,0,36,1,0
186848211735810_407770316310264,Tag them who are hiding assignment sheets üòÇüòÇ,,photo,https://www.facebook.com/ifyouareinnitk/photos/a.186851201735511.1073741825.186848211735810/407770206310275/?type=3,https://www.facebook.com/ifyouareinnitk/posts/407770316310264,2018-01-14 01:49:26,105,2,2,41,0,0,63,1,0
186848211735810_406128656474430,Today should be a big day üòÇüòÇ,Timeline Photos,photo,https://www.facebook.com/ifyouareinnitk/photos/a.186851201735511.1073741825.186848211735810/406128656474430/?type=3,https://www.facebook.com/ifyouareinnitk/posts/406128656474430:0,2018-01-09 14:10:29,148,5,6,95,1,0,49,3,0
186848211735810_406031263150836,Electified üòÇüòÇ,,photo,https://www.facebook.com/ifyouareinnitk/photos/a.186851201735511.1073741825.186848211735810/406030746484221/?type=3,https://www.facebook.com/ifyouareinnitk/posts/406031263150836,2018-01-09 08:49:41,55,0,3,29,1,0,24,1,0
186848211735810_389245844829378,Me trying to explain how good my results will be ... üòÇüòÇ,,photo,https://www.facebook.com/ifyouareinnitk/photos/a.186851201735511.1073741825.186848211735810/389245741496055/?type=3,https://www.facebook.com/ifyouareinnitk/posts/389245844829378,2017-11-27 07:30:12,76,1,0,33,0,0,35,8,0
186848211735810_388661164887846,"Tag your friends with two exams on one day , and let them study more üòÇüòÇ",,photo,https://www.facebook.com/ifyouareinnitk/photos/a.186851201735511.1073741825.186848211735810/388660931554536/?type=3,https://www.facebook.com/ifyouareinnitk/posts/388661164887846,2017-11-25 13:53:20,59,4,1,25,0,1,31,2,0
186848211735810_386929825060980,End sem notes be like ...,,photo,https://www.facebook.com/ifyouareinnitk/photos/a.186851201735511.1073741825.186848211735810/386929618394334/?type=3,https://www.facebook.com/ifyouareinnitk/posts/386929825060980,2017-11-20 11:51:27,33,1,0,15,0,0,15,3,0
186848211735810_386210065132956,Everyone after the first paper be like ... !,,photo,https://www.facebook.com/ifyouareinnitk/photos/a.186851201735511.1073741825.186848211735810/386209805132982/?type=3,https://www.facebook.com/ifyouareinnitk/posts/386210065132956,2017-11-20 07:00:02,61,1,1,31,0,1,24,4,1
186848211735810_386198165134146,People with internships / Projects under prof ... Tag them,Tag your friends who grabbed an internship or project under a ...,video,https://www.facebook.com/ifyouareinnitk/videos/386197221800907/,https://www.facebook.com/ifyouareinnitk/posts/386198165134146,2017-11-19 03:30:01,34,1,0,11,0,0,23,0,0
186848211735810_386053731815256,That hurts üòÇüòÇ ... !!!,,photo,https://www.facebook.com/ifyouareinnitk/photos/a.186851201735511.1073741825.186848211735810/386053565148606/?type=3,https://www.facebook.com/ifyouareinnitk/posts/386053731815256,2017-11-18 05:30:00,81,1,0,30,0,0,43,8,0
186848211735810_385791805174782,,Every Ecell Interview,video,https://www.facebook.com/ifyouareinnitk/videos/385791095174853/,https://www.facebook.com/ifyouareinnitk/posts/385791805174782,2017-11-17 09:35:48,77,7,0,18,0,0,59,0,0
186848211735810_385717908515505,These days be like ...,,photo,https://www.facebook.com/ifyouareinnitk/photos/a.186851201735511.1073741825.186848211735810/385717755182187/?type=3,https://www.facebook.com/ifyouareinnitk/posts/385717908515505,2017-11-17 05:29:48,251,16,5,150,16,0,84,1,0
186848211735810_384695705284392,Tag your civil Friends and let them know you believe in them,The CMC quiz of Civil people was way too ahead of their expect...,video,https://www.facebook.com/ifyouareinnitk/videos/384694875284475/,https://www.facebook.com/ifyouareinnitk/posts/384695705284392,2017-11-14 05:35:55,52,24,1,21,0,0,24,7,0
186848211735810_383531918734104,Soo Fast ... lekin kaise ????,,photo,https://www.facebook.com/ifyouareinnitk/photos/a.186851201735511.1073741825.186848211735810/383531885400774/?type=3,https://www.facebook.com/ifyouareinnitk/posts/383531918734104,2017-11-11 02:30:00,57,5,1,29,1,0,27,0,0
186848211735810_383525612068068,Help == Good marks in viva üòÇüòÇ !!!,,photo,https://www.facebook.com/ifyouareinnitk/photos/a.186851201735511.1073741825.186848211735810/383525335401429/?type=3,https://www.facebook.com/ifyouareinnitk/posts/383525612068068,2017-11-11 01:17:01,17,0,0,12,0,0,5,0,0
186848211735810_382785402142089,Now where did this value that come from ??!!,,photo,https://www.facebook.com/ifyouareinnitk/photos/a.186851201735511.1073741825.186848211735810/382785288808767/?type=3,https://www.facebook.com/ifyouareinnitk/posts/382785402142089,2017-11-09 02:30:00,63,0,1,29,0,0,33,0,1
186848211735810_382462828841013,True Story üòÇüòÇ...!!!,,photo,https://www.facebook.com/ifyouareinnitk/photos/a.186851201735511.1073741825.186848211735810/382462512174378/?type=3,https://www.facebook.com/ifyouareinnitk/posts/382462828841013,2017-11-08 02:33:55,112,5,0,56,0,0,42,14,0
186848211735810_381943018892994,When you cant take it anymore..!!!,,photo,https://www.facebook.com/ifyouareinnitk/photos/a.186851201735511.1073741825.186848211735810/381942818893014/?type=3,https://www.facebook.com/ifyouareinnitk/posts/381943018892994,2017-11-07 02:30:00,75,1,1,33,0,0,40,2,0
186848211735810_381522635601699,People with workshop üòÇüòÇ ... !!!,,photo,https://www.facebook.com/ifyouareinnitk/photos/a.186851201735511.1073741825.186848211735810/381522392268390/?type=3,https://www.facebook.com/ifyouareinnitk/posts/381522635601699,2017-11-05 11:17:43,34,1,2,16,0,0,18,0,0
186848211735810_381520072268622,Better to bunk üòÇüòÇ ... !!!,,photo,https://www.facebook.com/ifyouareinnitk/photos/a.186851201735511.1073741825.186848211735810/381519878935308/?type=3,https://www.facebook.com/ifyouareinnitk/posts/381520072268622,2017-11-05 11:09:06,58,1,0,23,0,0,35,0,0
186848211735810_380361399051156,When the class bunks and you can't üòÇüòÇ !!!,,photo,https://www.facebook.com/ifyouareinnitk/photos/a.186851201735511.1073741825.186848211735810/380361122384517/?type=3,https://www.facebook.com/ifyouareinnitk/posts/380361399051156,2017-11-02 07:10:54,45,2,2,24,0,0,17,4,0
186848211735810_375595949527701,Happy Diwali Guys üòÇüòÇ ... !!!!,,photo,https://www.facebook.com/ifyouareinnitk/photos/a.186851201735511.1073741825.186848211735810/375595746194388/?type=3,https://www.facebook.com/ifyouareinnitk/posts/375595949527701,2017-10-19 05:04:57,26,0,0,13,0,0,12,1,0
186848211735810_375402579547038,I Have no idea why i am doing Engineering üòÇüòÇü§£ü§£ ... !!!!,,photo,https://www.facebook.com/ifyouareinnitk/photos/a.186851201735511.1073741825.186848211735810/375402396213723/?type=3,https://www.facebook.com/ifyouareinnitk/posts/375402579547038,2017-10-18 13:52:04,45,3,0,22,0,0,23,0,0
186848211735810_375082926245670,When your teacher is helpless and you are hopeless üòÇüòÇ...!!!,,photo,https://www.facebook.com/ifyouareinnitk/photos/a.186851201735511.1073741825.186848211735810/375082582912371/?type=3,https://www.facebook.com/ifyouareinnitk/posts/375082926245670,2017-10-17 15:34:10,37,0,0,19,0,0,18,0,0
186848211735810_370482470039049,When your attendance is low ... !!!,,photo,https://www.facebook.com/ifyouareinnitk/photos/a.186851201735511.1073741825.186848211735810/370482176705745/?type=3,https://www.facebook.com/ifyouareinnitk/posts/370482470039049,2017-10-05 06:01:58,68,4,3,46,0,0,19,3,0
186848211735810_364071410680155,Damn !!! üòÇüòÇüòÇ,,photo,https://www.facebook.com/ifyouareinnitk/photos/a.186851201735511.1073741825.186848211735810/364071254013504/?type=3,https://www.facebook.com/ifyouareinnitk/posts/364071410680155,2017-09-16 07:45:27,118,0,1,55,0,0,61,2,0
186848211735810_363067170780579,We Love Exams ... üòÇüòÇ,,photo,https://www.facebook.com/ifyouareinnitk/photos/a.186851201735511.1073741825.186848211735810/363067060780590/?type=3,https://www.facebook.com/ifyouareinnitk/posts/363067170780579,2017-09-13 07:36:42,98,1,0,51,0,0,47,0,0
186848211735810_362313357522627,If you still think your paper was good ... üòÇüòÇüòÇ... !!!,,photo,https://www.facebook.com/ifyouareinnitk/photos/a.186851201735511.1073741825.186848211735810/362313270855969/?type=3,https://www.facebook.com/ifyouareinnitk/posts/362313357522627,2017-09-11 00:07:40,72,1,0,40,0,0,26,6,0
186848211735810_362022417551721,to Shayad tum galat ho  üòÇüòÇ ... !!!,,photo,https://www.facebook.com/ifyouareinnitk/photos/a.186851201735511.1073741825.186848211735810/362022380885058/?type=3,https://www.facebook.com/ifyouareinnitk/posts/362022417551721,2017-09-10 03:37:21,98,1,7,54,1,1,35,7,0
186848211735810_362012704219359,One Day Before Mid Sems üòÇüòÇ ... !!,,photo,https://www.facebook.com/ifyouareinnitk/photos/a.186851201735511.1073741825.186848211735810/362012674219362/?type=3,https://www.facebook.com/ifyouareinnitk/posts/362012704219359,2017-09-10 02:43:59,74,0,0,38,0,0,36,0,0
186848211735810_353916791695617,Meanwhile in other departments üòÇüòÇ...!!!,,photo,https://www.facebook.com/ifyouareinnitk/photos/a.186851201735511.1073741825.186848211735810/353916711695625/?type=3,https://www.facebook.com/ifyouareinnitk/posts/353916791695617,2017-08-17 11:18:12,78,5,0,32,0,0,46,0,0
186848211735810_350308865389743,Hey guys !!! ... This is our first video meme ... Complete first year life in 5 minutes,NITK FIRST YEAR LIFE IN A NUTSHELL | VIDEO MEME | OFFICIAL,video,https://youtu.be/J05miqCH8Hs,https://www.facebook.com/ifyouareinnitk/posts/350308865389743,2017-08-07 11:45:17,37,0,7,29,1,0,7,0,0
186848211735810_349168662170430,"only ""Second block"" guys know how bad the food was ... üòÇüòÇ !!!",,photo,https://www.facebook.com/ifyouareinnitk/photos/a.186851201735511.1073741825.186848211735810/349168605503769/?type=3,https://www.facebook.com/ifyouareinnitk/posts/349168662170430,2017-08-04 10:30:19,98,1,2,44,0,0,48,6,0
186848211735810_347791568974806,"When someone asks you about canteens üòÇüòÇ... !!!
(Tap the pic )",,photo,https://www.facebook.com/ifyouareinnitk/photos/a.186851201735511.1073741825.186848211735810/347790735641556/?type=3,https://www.facebook.com/ifyouareinnitk/posts/347791568974806,2017-07-31 11:05:33,145,15,3,90,6,0,47,2,0
186848211735810_346934402393856,Two minutes of silence for all NITK mech enggs üòÇüòÇ..!!!,,photo,https://www.facebook.com/ifyouareinnitk/photos/a.186851201735511.1073741825.186848211735810/346933662393930/?type=3,https://www.facebook.com/ifyouareinnitk/posts/346934402393856,2017-07-29 03:14:14,202,12,2,78,0,1,118,5,0
186848211735810_346931795727450,What is your library card status ? üòÇüòÇ... !!!,,photo,https://www.facebook.com/ifyouareinnitk/photos/a.186851201735511.1073741825.186848211735810/346931762394120/?type=3,https://www.facebook.com/ifyouareinnitk/posts/346931795727450,2017-07-29 03:03:44,83,3,0,47,1,0,35,0,0
186848211735810_346899049064058,üòÇüòÇüòÇ,,photo,https://www.facebook.com/ifyouareinnitk/photos/a.186851201735511.1073741825.186848211735810/346898892397407/?type=3,https://www.facebook.com/ifyouareinnitk/posts/346899049064058,2017-07-29 00:41:14,131,12,3,75,0,0,54,2,0
186848211735810_341928866227743,,,photo,https://www.facebook.com/ifyouareinnitk/photos/a.341928856227744.1073741829.186848211735810/341928822894414/?type=3,https://www.facebook.com/ifyouareinnitk/posts/341928866227743,2017-07-17 05:38:32,55,0,1,37,0,0,9,9,0
186848211735810_340217916398838,Guys our college people made this,Mini Drafter Productions,link,http://createyoutube.com/fb/mKzV9gNQmzE,https://www.facebook.com/ifyouareinnitk/posts/340217916398838,2017-07-13 05:20:06,8,0,0,8,0,0,0,0,0
186848211735810_328808960873067,üòÇ üòÇ,Timeline Photos,photo,https://www.facebook.com/ifyouareinnitk/photos/a.186851201735511.1073741825.186848211735810/328808960873067/?type=3,https://www.facebook.com/ifyouareinnitk/posts/328808960873067:0,2017-06-17 09:14:28,137,4,0,70,0,0,67,0,0
186848211735810_328790860874877,,Timeline Photos,photo,https://www.facebook.com/ifyouareinnitk/photos/a.186851201735511.1073741825.186848211735810/328790860874877/?type=3,https://www.facebook.com/ifyouareinnitk/posts/328790860874877:0,2017-06-17 08:26:40,64,0,0,35,2,0,27,0,0
186848211735810_328790730874890,Literally true.. üòÇ,Timeline Photos,photo,https://www.facebook.com/ifyouareinnitk/photos/a.186851201735511.1073741825.186848211735810/328790730874890/?type=3,https://www.facebook.com/ifyouareinnitk/posts/328790730874890:0,2017-06-17 08:26:14,37,0,1,22,0,1,14,0,0
186848211735810_328760620877901,IRIS ... you've got a call from Haveli ... üòÇüòÇ !!!,Timeline Photos,photo,https://www.facebook.com/ifyouareinnitk/photos/a.186851201735511.1073741825.186848211735810/328760620877901/?type=3,https://www.facebook.com/ifyouareinnitk/posts/328760620877901:0,2017-06-17 07:22:33,61,0,0,28,0,1,32,0,0
186848211735810_328749927545637,How peaceful was my life ... before checking room allotments üòÇüòÇüòù!!!,Timeline Photos,photo,https://www.facebook.com/ifyouareinnitk/photos/a.186851201735511.1073741825.186848211735810/328749927545637/?type=3,https://www.facebook.com/ifyouareinnitk/posts/328749927545637:0,2017-06-17 06:55:59,103,0,3,50,0,0,49,0,4
186848211735810_328382144249082,,If you are in NITK,photo,https://www.facebook.com/ifyouareinnitk/photos/a.186861085067856.1073741826.186848211735810/328381947582435/?type=3,https://www.facebook.com/ifyouareinnitk/posts/328382144249082:0,2017-06-16 10:00:16,37,0,0,36,0,0,1,0,0
186848211735810_325146581239305,Preparation Choices üòÇüòÇ ... !!!,Timeline Photos,photo,https://www.facebook.com/ifyouareinnitk/photos/a.186851201735511.1073741825.186848211735810/325146581239305/?type=3,https://www.facebook.com/ifyouareinnitk/posts/325146581239305:0,2017-06-09 04:26:50,96,6,0,58,2,0,36,0,0
186848211735810_311547975932499,"When Birth and Death is just some lines apart ...üòÇüòÇ
#Holidayfever",Timeline Photos,photo,https://www.facebook.com/ifyouareinnitk/photos/a.186851201735511.1073741825.186848211735810/311547975932499/?type=3,https://www.facebook.com/ifyouareinnitk/posts/311547975932499:0,2017-05-05 16:49:46,80,5,0,48,0,1,31,0,0
186848211735810_308201729600457,Holidays!!! But donno what to do,Timeline Photos,photo,https://www.facebook.com/ifyouareinnitk/photos/a.186851201735511.1073741825.186848211735810/308201729600457/?type=3,https://www.facebook.com/ifyouareinnitk/posts/308201729600457:0,2017-04-27 08:49:21,37,1,1,26,1,1,9,0,0
186848211735810_307361759684454,Vacations Begin üòé,Timeline Photos,photo,https://www.facebook.com/ifyouareinnitk/photos/a.186851201735511.1073741825.186848211735810/307361759684454/?type=3,https://www.facebook.com/ifyouareinnitk/posts/307361759684454:0,2017-04-25 03:25:49,55,0,4,46,3,1,5,0,0
186848211735810_303571426730154,Sad but true ... !!!,Timeline Photos,photo,https://www.facebook.com/ifyouareinnitk/photos/a.186851201735511.1073741825.186848211735810/303571426730154/?type=3,https://www.facebook.com/ifyouareinnitk/posts/303571426730154:0,2017-04-19 08:46:43,37,0,0,23,0,0,7,7,0
186848211735810_300865113667452,üòÇüòÇ...!!!,Timeline Photos,photo,https://www.facebook.com/ifyouareinnitk/photos/a.186851201735511.1073741825.186848211735810/300865113667452/?type=3,https://www.facebook.com/ifyouareinnitk/posts/300865113667452:0,2017-04-13 06:00:44,81,1,0,40,1,0,38,1,1
186848211735810_300526917034605,"Condition of guys during last days of the semester üòÇüòÇ...!!! 
#holidays #endsemfear #bunkandsleep",Timeline Photos,photo,https://www.facebook.com/ifyouareinnitk/photos/a.186851201735511.1073741825.186848211735810/300526917034605/?type=3,https://www.facebook.com/ifyouareinnitk/posts/300526917034605:0,2017-04-12 10:11:15,88,0,1,64,0,0,24,0,0
186848211735810_296876737399623,Best of luck to all those contesting election ... Feel free to write about whom are you supporting in the comments section ... !!!,Timeline Photos,photo,https://www.facebook.com/ifyouareinnitk/photos/a.186851201735511.1073741825.186848211735810/296876737399623/?type=3,https://www.facebook.com/ifyouareinnitk/posts/296876737399623:0,2017-04-05 06:17:51,27,1,0,23,0,0,2,2,0
186848211735810_296025964151367,Hit like for NITK ... üòÇüòÇ!!! #Legends,Timeline Photos,photo,https://www.facebook.com/ifyouareinnitk/photos/a.186851201735511.1073741825.186848211735810/296025964151367/?type=3,https://www.facebook.com/ifyouareinnitk/posts/296025964151367:0,2017-04-03 12:32:27,134,5,16,96,11,1,26,0,0
186848211735810_291369717950325,When you hate EEE...!!!,Timeline Photos,photo,https://www.facebook.com/ifyouareinnitk/photos/a.186851201735511.1073741825.186848211735810/291369717950325/?type=3,https://www.facebook.com/ifyouareinnitk/posts/291369717950325:0,2017-03-23 10:28:13,33,0,1,19,0,0,14,0,0
186848211735810_290572091363421,"Guys...Presenting If You Are in NITK's
First OFFICIAL MUSIC VIDEO made from scratch...
Presenting LOST AWAY.........................................",Lost Away : [ Official ](Music Video),video,https://youtu.be/QdDaFZ8Oqgc,https://www.facebook.com/ifyouareinnitk/posts/290572091363421,2017-03-21 13:22:12,14,1,5,14,0,0,0,0,0
186848211735810_287778651642765,Water spill be like üòÇüòÇ...!!!,Timeline Photos,photo,https://www.facebook.com/ifyouareinnitk/photos/a.186851201735511.1073741825.186848211735810/287778651642765/?type=3,https://www.facebook.com/ifyouareinnitk/posts/287778651642765:0,2017-03-14 23:11:38,26,0,0,14,0,0,12,0,0
186848211735810_284276801992950,When tomorrow your teacher will start transformer in lecture üòÇüòÇ...!!!,Timeline Photos,photo,https://www.facebook.com/ifyouareinnitk/photos/a.186851201735511.1073741825.186848211735810/284276801992950/?type=3,https://www.facebook.com/ifyouareinnitk/posts/284276801992950:0,2017-03-07 00:48:25,64,0,5,30,0,0,34,0,0
186848211735810_279758212444809,A friend in need is a friend indeed üòÇüòÇ...!!!,Timeline Photos,photo,https://www.facebook.com/ifyouareinnitk/photos/a.186851201735511.1073741825.186848211735810/279758212444809/?type=3,https://www.facebook.com/ifyouareinnitk/posts/279758212444809:0,2017-02-24 03:55:20,16,0,1,13,0,0,3,0,0
186848211735810_278616339225663,True that üòÇüòÇ...!!!,Timeline Photos,photo,https://www.facebook.com/ifyouareinnitk/photos/a.186851201735511.1073741825.186848211735810/278616339225663/?type=3,https://www.facebook.com/ifyouareinnitk/posts/278616339225663:0,2017-02-21 10:27:18,52,1,0,32,0,0,17,1,2
186848211735810_278575195896444,When you live for food üòÇüòÇ...!!!,Timeline Photos,photo,https://www.facebook.com/ifyouareinnitk/photos/a.186851201735511.1073741825.186848211735810/278575195896444/?type=3,https://www.facebook.com/ifyouareinnitk/posts/278575195896444:0,2017-02-21 08:54:40,52,1,2,34,0,0,18,0,0
186848211735810_278089655944998,When you are too fast in EEE üòÇüòÇ...!!!,Timeline Photos,photo,https://www.facebook.com/ifyouareinnitk/photos/a.186851201735511.1073741825.186848211735810/278089655944998/?type=3,https://www.facebook.com/ifyouareinnitk/posts/278089655944998:0,2017-02-20 05:50:24,65,0,6,22,0,0,43,0,0
186848211735810_276619822758648,Sooo truuuee üòÇ....!!!,Timeline Photos,photo,https://www.facebook.com/ifyouareinnitk/photos/a.186851201735511.1073741825.186848211735810/276619822758648/?type=3,https://www.facebook.com/ifyouareinnitk/posts/276619822758648:0,2017-02-17 02:39:28,105,8,7,70,0,0,32,3,0
186848211735810_276369939450303,Guys INCIDENT is comming .... Check out how the music video is being prepared and take a closer look in the this BEHIND THE SCENES of INCIDENT OFFICIAL VIDEO .....,Behind The Scenes (Upcomming INCIDENT video song )#howto#NITKawesomness...,video,https://www.youtube.com/watch?v=dH7rxkyoM8Q,https://www.facebook.com/ifyouareinnitk/posts/276369939450303,2017-02-16 15:30:48,20,0,0,20,0,0,0,0,0
186848211735810_275250139562283,All hail mid semester üòÇüòÇ...!!!!,Timeline Photos,photo,https://www.facebook.com/ifyouareinnitk/photos/a.186851201735511.1073741825.186848211735810/275250139562283/?type=3,https://www.facebook.com/ifyouareinnitk/posts/275250139562283:0,2017-02-14 10:49:57,116,0,2,60,0,2,53,1,0
186848211735810_275239679563329,üòÇ,Timeline Photos,photo,https://www.facebook.com/ifyouareinnitk/photos/a.186851201735511.1073741825.186848211735810/275239679563329/?type=3,https://www.facebook.com/ifyouareinnitk/posts/275239679563329:0,2017-02-14 10:16:26,19,0,0,12,0,0,6,0,1
186848211735810_273276509759646,Assignments be like ...... !!!,Timeline Photos,photo,https://www.facebook.com/ifyouareinnitk/photos/a.186851201735511.1073741825.186848211735810/273276509759646/?type=3,https://www.facebook.com/ifyouareinnitk/posts/273276509759646:0,2017-02-10 15:31:50,43,1,0,25,0,0,18,0,0
186848211735810_272348579852439,CO110 be like üòÇ,Timeline Photos,photo,https://www.facebook.com/ifyouareinnitk/photos/a.186851201735511.1073741825.186848211735810/272348579852439/?type=3,https://www.facebook.com/ifyouareinnitk/posts/272348579852439:0,2017-02-08 13:41:45,46,1,1,30,0,0,16,0,0
186848211735810_272097466544217,NITK-NET and NITK-IRIS üòÇ,Timeline Photos,photo,https://www.facebook.com/ifyouareinnitk/photos/a.186851201735511.1073741825.186848211735810/272097466544217/?type=3,https://www.facebook.com/ifyouareinnitk/posts/272097466544217:0,2017-02-08 01:21:13,52,1,1,31,1,0,20,0,0
186848211735810_265878203832810,Hungry??üòÇ,Timeline Photos,photo,https://www.facebook.com/ifyouareinnitk/photos/a.186851201735511.1073741825.186848211735810/265878203832810/?type=3,https://www.facebook.com/ifyouareinnitk/posts/265878203832810:0,2017-01-26 13:03:03,107,4,2,65,1,0,41,0,0
186848211735810_264788133941817,üòÇüòÇ ...!!!,Timeline Photos,photo,https://www.facebook.com/ifyouareinnitk/photos/a.186851201735511.1073741825.186848211735810/264788133941817/?type=3,https://www.facebook.com/ifyouareinnitk/posts/264788133941817:0,2017-01-24 10:25:58,65,2,0,34,0,0,31,0,0
186848211735810_264577907296173,Totally exhausted :( ...!!!,Timeline Photos,photo,https://www.facebook.com/ifyouareinnitk/photos/a.186851201735511.1073741825.186848211735810/264577907296173/?type=3,https://www.facebook.com/ifyouareinnitk/posts/264577907296173:0,2017-01-24 01:25:26,80,4,0,54,0,0,22,4,0
186848211735810_264574923963138,"Guys... Welcome back ...!!!
Bharat Darshan is coming....:)",Timeline Photos,photo,https://www.facebook.com/ifyouareinnitk/photos/a.186851201735511.1073741825.186848211735810/264574923963138/?type=3,https://www.facebook.com/ifyouareinnitk/posts/264574923963138:0,2017-01-24 01:14:37,11,0,0,8,1,0,2,0,0
186848211735810_241234566297174,Ece paper vs everyone today ..... !!!!,Timeline Photos,photo,https://www.facebook.com/ifyouareinnitk/photos/a.186851201735511.1073741825.186848211735810/241234566297174/?type=3,https://www.facebook.com/ifyouareinnitk/posts/241234566297174:0,2016-12-06 08:00:55,39,3,1,25,0,0,8,6,0
186848211735810_238988339855130,Mom I'm comming...!!!:),Timeline Photos,photo,https://www.facebook.com/ifyouareinnitk/photos/a.186851201735511.1073741825.186848211735810/238988339855130/?type=3,https://www.facebook.com/ifyouareinnitk/posts/238988339855130:0,2016-12-02 06:26:03,18,0,1,15,0,0,3,0,0
186848211735810_237553139998650,NITK confessions ...!!!,Timeline Photos,photo,https://www.facebook.com/ifyouareinnitk/photos/a.186851201735511.1073741825.186848211735810/237553139998650/?type=3,https://www.facebook.com/ifyouareinnitk/posts/237553139998650:0,2016-11-29 11:00:22,46,0,1,23,0,0,23,0,0
186848211735810_236962550057709,A big cry for second block guys ...!!!,Timeline Photos,photo,https://www.facebook.com/ifyouareinnitk/photos/a.186851201735511.1073741825.186848211735810/236962550057709/?type=3,https://www.facebook.com/ifyouareinnitk/posts/236962550057709:0,2016-11-28 05:48:28,18,0,0,12,0,0,5,1,0
186848211735810_231460343941263,"The Mannequin challenge
A birthday gift for Kshitiz Khatri
Cast :
Anand Pathak   ... (The Apple eating guy)
Ayush Anbhore... ( Last man standing)
Bhushan Narkhede ... (Gym trainer)
Kshitiz Khatri ... ( Birthday boy)
Harsha Vardhan....(Next to B'day guy)
Kumar Saisrinivas... (Introspective Thinker)
Kunal Chavan... (The Reactionist)
Praveen Raj...(Guy with the bucket)
Priyam Kumar... (The Pushup man)
Rohit Karmarkar ... (Guy with the Iphone)
Saurabh Zond ... (Nerd)
Soham Raje Patil ...(Crushing while Brushing )
Tejas Kumar ... (Thinker)
Himanshu Kashyap ... (Dustbin at his back)
............................................. 
Direction/Editing : Ayush Anbhore",NITK First years Mannequin Challenge Official #awesomeness,video,https://youtu.be/ouJxEwKtZzM,https://www.facebook.com/ifyouareinnitk/posts/231460343941263,2016-11-17 03:39:00,30,0,2,30,0,0,0,0,0
186848211735810_227343437686287,When your savings have notes of 500 denominations...!!!üòÇüòÇ,Timeline Photos,photo,https://www.facebook.com/ifyouareinnitk/photos/a.186851201735511.1073741825.186848211735810/227343437686287/?type=3,https://www.facebook.com/ifyouareinnitk/posts/227343437686287:0,2016-11-08 12:54:09,9,0,0,6,0,0,3,0,0
186848211735810_218392878581343,What a college ... no power cuts at all  !!!üòÇüòÇ,Timeline Photos,photo,https://www.facebook.com/ifyouareinnitk/photos/a.186851201735511.1073741825.186848211735810/218392878581343/?type=3,https://www.facebook.com/ifyouareinnitk/posts/218392878581343:0,2016-10-24 11:02:51,12,0,3,8,0,0,4,0,0
186848211735810_216685965418701,English version for south people,Timeline Photos,photo,https://www.facebook.com/ifyouareinnitk/photos/a.186851201735511.1073741825.186848211735810/216685965418701/?type=3,https://www.facebook.com/ifyouareinnitk/posts/216685965418701:0,2016-10-21 10:36:11,10,2,0,10,0,0,0,0,0
186848211735810_216683022085662,If you can understand that wise man then you can understand the jokeüòÇüòÇ,Timeline Photos,photo,https://www.facebook.com/ifyouareinnitk/photos/a.186851201735511.1073741825.186848211735810/216683022085662/?type=3,https://www.facebook.com/ifyouareinnitk/posts/216683022085662:0,2016-10-21 10:27:00,11,0,0,11,0,0,0,0,0
186848211735810_212503012503663,"https://youtu.be/QkV2q95it2w
GTA NITK ........!!!! #IFYOUAREINNITK #GTA
Cast: Sparsh Prajapati Sandesh Bhalke Ayush Anbhore Manas Pai",GTA NITK Official Teaser Trailer,video,https://youtu.be/QkV2q95it2w,https://www.facebook.com/ifyouareinnitk/posts/212503012503663,2016-10-14 14:48:45,6,0,3,6,0,0,0,0,0
186848211735810_207009726386325,Studying maths secretly...!!!üòÇ,Timeline Photos,photo,https://www.facebook.com/ifyouareinnitk/photos/a.186851201735511.1073741825.186848211735810/207009726386325/?type=3,https://www.facebook.com/ifyouareinnitk/posts/207009726386325:0,2016-10-04 04:19:39,25,2,1,19,0,0,6,0,0
186848211735810_206782979742333,Chemistry.... and Sheldon cooper!!!,Timeline Photos,photo,https://www.facebook.com/ifyouareinnitk/photos/a.186851201735511.1073741825.186848211735810/206782979742333/?type=3,https://www.facebook.com/ifyouareinnitk/posts/206782979742333:0,2016-10-03 14:02:41,9,0,0,9,0,0,0,0,0
186848211735810_205051193248845,Buying jio sim...!!!!üòÇ,Timeline Photos,photo,https://www.facebook.com/ifyouareinnitk/photos/a.186851201735511.1073741825.186848211735810/205051193248845/?type=3,https://www.facebook.com/ifyouareinnitk/posts/205051193248845:0,2016-09-30 16:28:07,17,0,0,16,0,0,1,0,0
186848211735810_204723023281662,,Timeline Photos,photo,https://www.facebook.com/ifyouareinnitk/photos/a.186851201735511.1073741825.186848211735810/204723023281662/?type=3,https://www.facebook.com/ifyouareinnitk/posts/204723023281662:0,2016-09-30 04:25:33,16,0,0,10,0,0,6,0,0
186848211735810_203417303412234,"When you get too busy with your work and end up singing songs..... with Ayush Anbhore - Sparsh Prajapati - Manas Pai - Anand Pathak and Sandesh Bhalke...................!!!!!!!!!!!!!!!!!!! 
When awesomeness is your passion ..................................",Epic fun in hostel...Singing Azemoshan Shensha while working @nitk,video,https://youtu.be/uA0E31BeDxw,https://www.facebook.com/ifyouareinnitk/posts/203417303412234,2016-09-27 13:38:43,16,0,3,16,0,0,0,0,0
186848211735810_202604326826865,,Timeline Photos,photo,https://www.facebook.com/ifyouareinnitk/photos/a.186851201735511.1073741825.186848211735810/202604326826865/?type=3,https://www.facebook.com/ifyouareinnitk/posts/202604326826865:0,2016-09-25 23:26:24,7,0,0,6,0,0,1,0,0
186848211735810_201951480225483,When you play counter strike after a long time ...   https://www.youtube.com/watch?app=desktop&persist_app=1&v=BobtegDwjsY see our friend playing cs and see his reactions üòÇüòÇüòÇ@ifyouareinnitk,,status,,https://www.facebook.com/ifyouareinnitk/posts/201951480225483,2016-09-24 13:37:54,5,1,1,5,0,0,0,0,0
186848211735810_201478790272752,Why are you here..??üòÇ,Timeline Photos,photo,https://www.facebook.com/ifyouareinnitk/photos/a.186851201735511.1073741825.186848211735810/201478790272752/?type=3,https://www.facebook.com/ifyouareinnitk/posts/201478790272752:0,2016-09-23 15:37:47,13,0,0,10,1,0,2,0,0
186848211735810_199661223787842,When you want to leave it but can't....!!!!üòÇüòÇüòÇ,Timeline Photos,photo,https://www.facebook.com/ifyouareinnitk/photos/a.186851201735511.1073741825.186848211735810/199661223787842/?type=3,https://www.facebook.com/ifyouareinnitk/posts/199661223787842:0,2016-09-20 09:43:21,11,0,0,11,0,0,0,0,0
186848211735810_199585297128768,When maths paper comes...!!!üòÇüòÇ,Timeline Photos,photo,https://www.facebook.com/ifyouareinnitk/photos/a.186851201735511.1073741825.186848211735810/199585297128768/?type=3,https://www.facebook.com/ifyouareinnitk/posts/199585297128768:0,2016-09-20 07:16:34,15,0,1,14,0,0,1,0,0
186848211735810_199402363813728,,Timeline Photos,photo,https://www.facebook.com/ifyouareinnitk/photos/a.186851201735511.1073741825.186848211735810/199402363813728/?type=3,https://www.facebook.com/ifyouareinnitk/posts/199402363813728:0,2016-09-19 23:11:37,11,0,0,10,0,0,1,0,0
186848211735810_199174770503154,A salute to Indian superheros,Timeline Photos,photo,https://www.facebook.com/ifyouareinnitk/photos/a.186851201735511.1073741825.186848211735810/199174770503154/?type=3,https://www.facebook.com/ifyouareinnitk/posts/199174770503154:0,2016-09-19 11:12:29,7,0,0,7,0,0,0,0,0
186848211735810_198114173942547,,Timeline Photos,photo,https://www.facebook.com/ifyouareinnitk/photos/a.186851201735511.1073741825.186848211735810/198114173942547/?type=3,https://www.facebook.com/ifyouareinnitk/posts/198114173942547:0,2016-09-17 13:01:16,17,0,1,12,0,0,5,0,0
186848211735810_198105223943442,Projects...!!!,Timeline Photos,photo,https://www.facebook.com/ifyouareinnitk/photos/a.186851201735511.1073741825.186848211735810/198105223943442/?type=3,https://www.facebook.com/ifyouareinnitk/posts/198105223943442:0,2016-09-17 12:42:21,14,0,0,13,0,0,1,0,0
186848211735810_198086907278607,Tehrvi ke ladoo...!!!,Timeline Photos,photo,https://www.facebook.com/ifyouareinnitk/photos/a.186851201735511.1073741825.186848211735810/198086907278607/?type=3,https://www.facebook.com/ifyouareinnitk/posts/198086907278607:0,2016-09-17 12:01:03,12,0,2,12,0,0,0,0,0
186848211735810_198082783945686,When you don't know where you are...!!!üòÇüòÇüòÇ,Timeline Photos,photo,https://www.facebook.com/ifyouareinnitk/photos/a.186851201735511.1073741825.186848211735810/198082783945686/?type=3,https://www.facebook.com/ifyouareinnitk/posts/198082783945686:0,2016-09-17 11:53:23,8,0,0,8,0,0,0,0,0
186848211735810_197314120689219,When staring is your passion...!!!,Timeline Photos,photo,https://www.facebook.com/ifyouareinnitk/photos/a.186851201735511.1073741825.186848211735810/197314120689219/?type=3,https://www.facebook.com/ifyouareinnitk/posts/197314120689219:0,2016-09-16 04:46:03,5,0,0,4,0,0,1,0,0
186848211735810_197221167365181,Preparation for IIT...!!!üòÇüòÇüòÇ,Timeline Photos,photo,https://www.facebook.com/ifyouareinnitk/photos/a.186851201735511.1073741825.186848211735810/197221167365181/?type=3,https://www.facebook.com/ifyouareinnitk/posts/197221167365181:0,2016-09-16 00:17:04,41,1,17,31,0,0,10,0,0
186848211735810_197185954035369,When your mother watches TV...!!!üòÇ,Timeline Photos,photo,https://www.facebook.com/ifyouareinnitk/photos/a.186851201735511.1073741825.186848211735810/197185954035369/?type=3,https://www.facebook.com/ifyouareinnitk/posts/197185954035369:0,2016-09-15 22:10:29,5,0,0,5,0,0,0,0,0
186848211735810_197178764036088,When it is your duty to screw the pic,Timeline Photos,photo,https://www.facebook.com/ifyouareinnitk/photos/a.186851201735511.1073741825.186848211735810/197178764036088/?type=3,https://www.facebook.com/ifyouareinnitk/posts/197178764036088:0,2016-09-15 21:56:05,6,0,0,6,0,0,0,0,0
186848211735810_196891490731482,,Timeline Photos,photo,https://www.facebook.com/ifyouareinnitk/photos/a.186851201735511.1073741825.186848211735810/196891490731482/?type=3,https://www.facebook.com/ifyouareinnitk/posts/196891490731482:0,2016-09-15 08:59:56,17,0,0,16,0,0,1,0,0
186848211735810_194280924325872,IITians and NITians ......!!!!!,Timeline Photos,photo,https://www.facebook.com/ifyouareinnitk/photos/a.186851201735511.1073741825.186848211735810/194280924325872/?type=3,https://www.facebook.com/ifyouareinnitk/posts/194280924325872:0,2016-09-10 13:13:35,22,0,2,17,0,0,5,0,0
186848211735810_193997494354215,Wah!!!,Timeline Photos,photo,https://www.facebook.com/ifyouareinnitk/photos/a.186851201735511.1073741825.186848211735810/193997494354215/?type=3,https://www.facebook.com/ifyouareinnitk/posts/193997494354215:0,2016-09-10 01:31:36,33,0,0,22,0,0,11,0,0
186848211735810_193762394377725,Hold your breath!!!,Timeline Photos,photo,https://www.facebook.com/ifyouareinnitk/photos/a.186851201735511.1073741825.186848211735810/193762394377725/?type=3,https://www.facebook.com/ifyouareinnitk/posts/193762394377725:0,2016-09-09 13:18:28,8,0,0,8,0,0,0,0,0
186848211735810_193755354378429,,Timeline Photos,photo,https://www.facebook.com/ifyouareinnitk/photos/a.186851201735511.1073741825.186848211735810/193755354378429/?type=3,https://www.facebook.com/ifyouareinnitk/posts/193755354378429:0,2016-09-09 13:02:04,8,0,0,8,0,0,0,0,0
186848211735810_193731754380789,,Timeline Photos,photo,https://www.facebook.com/ifyouareinnitk/photos/a.186851201735511.1073741825.186848211735810/193731754380789/?type=3,https://www.facebook.com/ifyouareinnitk/posts/193731754380789:0,2016-09-09 11:50:38,9,0,0,9,0,0,0,0,0
186848211735810_193725611048070,,If you are in NITK,photo,https://www.facebook.com/ifyouareinnitk/photos/a.186861085067856.1073741826.186848211735810/193725594381405/?type=3,https://www.facebook.com/ifyouareinnitk/posts/193725611048070:0,2016-09-09 11:35:57,11,0,0,11,0,0,0,0,0
186848211735810_193716197715678,,If you are in NITK's cover photo,photo,https://www.facebook.com/ifyouareinnitk/photos/a.193716191049012.1073741828.186848211735810/193716177715680/?type=3,https://www.facebook.com/ifyouareinnitk/posts/193716197715678,2016-09-09 11:04:52,6,0,0,6,0,0,0,0,0
186848211735810_193452381075393,,Timeline Photos,photo,https://www.facebook.com/ifyouareinnitk/photos/a.186851201735511.1073741825.186848211735810/193452381075393/?type=3,https://www.facebook.com/ifyouareinnitk/posts/193452381075393:0,2016-09-09 00:06:57,11,0,0,9,0,0,1,1,0
186848211735810_193096764444288,üòÇüòÇüòÇ,Timeline Photos,photo,https://www.facebook.com/ifyouareinnitk/photos/a.186851201735511.1073741825.186848211735810/193096764444288/?type=3,https://www.facebook.com/ifyouareinnitk/posts/193096764444288:0,2016-09-08 08:40:11,10,0,1,9,0,0,0,1,0
186848211735810_191725111248120,,Timeline Photos,photo,https://www.facebook.com/ifyouareinnitk/photos/a.186851201735511.1073741825.186848211735810/191725111248120/?type=3,https://www.facebook.com/ifyouareinnitk/posts/191725111248120:0,2016-09-06 03:03:18,10,0,0,9,0,0,1,0,0
186848211735810_188779181542713,When the quiz comes,Timeline Photos,photo,https://www.facebook.com/ifyouareinnitk/photos/a.186851201735511.1073741825.186848211735810/188779181542713/?type=3,https://www.facebook.com/ifyouareinnitk/posts/188779181542713:0,2016-08-31 11:19:01,15,0,0,15,0,0,0,0,0
186848211735810_188119584942006,Happens in the end of the month,Timeline Photos,photo,https://www.facebook.com/ifyouareinnitk/photos/a.186851201735511.1073741825.186848211735810/188119584942006/?type=3,https://www.facebook.com/ifyouareinnitk/posts/188119584942006:0,2016-08-30 09:26:57,9,0,0,8,0,0,0,0,1
186848211735810_187802934973671,Today s8 be like,Timeline Photos,photo,https://www.facebook.com/ifyouareinnitk/photos/a.186851201735511.1073741825.186848211735810/187802934973671/?type=3,https://www.facebook.com/ifyouareinnitk/posts/187802934973671:0,2016-08-29 22:44:02,18,0,1,14,0,0,4,0,0
186848211735810_187238458363452,,Timeline Photos,photo,https://www.facebook.com/ifyouareinnitk/photos/a.186851201735511.1073741825.186848211735810/187238458363452/?type=3,https://www.facebook.com/ifyouareinnitk/posts/187238458363452:0,2016-08-28 22:06:10,14,0,0,12,0,0,2,0,0
186848211735810_187034038383894,Ooh maths quiz,Timeline Photos,photo,https://www.facebook.com/ifyouareinnitk/photos/a.186851201735511.1073741825.186848211735810/187034038383894/?type=3,https://www.facebook.com/ifyouareinnitk/posts/187034038383894:0,2016-08-28 13:01:50,29,1,2,19,0,0,9,1,0
186848211735810_186861115067853,,If you are in NITK,photo,https://www.facebook.com/ifyouareinnitk/photos/a.186861085067856.1073741826.186848211735810/186861091734522/?type=3,https://www.facebook.com/ifyouareinnitk/posts/186861115067853:0,2016-08-28 07:24:40,16,0,0,16,0,0,0,0,0
186848211735810_186851205068844,,Timeline Photos,photo,https://www.facebook.com/ifyouareinnitk/photos/a.186851201735511.1073741825.186848211735810/186851205068844/?type=3,https://www.facebook.com/ifyouareinnitk/posts/186851205068844:0,2016-08-28 07:08:28,11,0,0,10,0,0,0,1,0
